[{"model": "chart.broker", "pk": 1, "fields": {"name": "Tickmill"}}, {"model": "chart.broker", "pk": 2, "fields": {"name": "Exness"}}, {"model": "chart.myaccount", "pk": 1, "fields": {"broker": 1, "login": "25006371", "password": "g(gpG4/hO%Z@", "server": "demo.mt5tickmill.com", "account_type": "0"}}, {"model": "chart.myaccount", "pk": 2, "fields": {"broker": 2, "login": "77472068", "password": "Entaneer4206079", "server": "Exness-MT5Trial6", "account_type": "0"}}, {"model": "chart.setting", "pk": 1, "fields": {"myaccount": 1}}, {"model": "chart.timeframe", "pk": 1, "fields": {"name": "M1"}}, {"model": "chart.timeframe", "pk": 2, "fields": {"name": "M5"}}, {"model": "chart.timeframe", "pk": 3, "fields": {"name": "M15"}}, {"model": "chart.timeframe", "pk": 4, "fields": {"name": "M30"}}, {"model": "chart.timeframe", "pk": 5, "fields": {"name": "H1"}}, {"model": "chart.timeframe", "pk": 6, "fields": {"name": "H4"}}, {"model": "chart.timeframe", "pk": 7, "fields": {"name": "D1"}}, {"model": "chart.timeframe", "pk": 8, "fields": {"name": "W1"}}, {"model": "chart.symbol", "pk": 1, "fields": {"broker": 1, "name": "USDJPY", "status": "1"}}, {"model": "chart.symbol", "pk": 2, "fields": {"broker": 1, "name": "AUDUSD", "status": "1"}}, {"model": "chart.symbol", "pk": 3, "fields": {"broker": 1, "name": "NZDUSD", "status": "1"}}, {"model": "chart.symbol", "pk": 4, "fields": {"broker": 1, "name": "GBPUSD", "status": "1"}}, {"model": "chart.symbol", "pk": 5, "fields": {"broker": 1, "name": "USDCHF", "status": "1"}}, {"model": "chart.symbol", "pk": 6, "fields": {"broker": 1, "name": "USDCAD", "status": "1"}}, {"model": "chart.symbol", "pk": 7, "fields": {"broker": 1, "name": "AUDCAD", "status": "1"}}, {"model": "chart.symbol", "pk": 8, "fields": {"broker": 1, "name": "AUDCHF", "status": "1"}}, {"model": "chart.symbol", "pk": 9, "fields": {"broker": 1, "name": "AUDJPY", "status": "1"}}, {"model": "chart.symbol", "pk": 10, "fields": {"broker": 1, "name": "GBPAUD", "status": "1"}}, {"model": "chart.symbol", "pk": 11, "fields": {"broker": 1, "name": "AUDNZD", "status": "0"}}, {"model": "chart.symbol", "pk": 12, "fields": {"broker": 1, "name": "CADCHF", "status": "1"}}, {"model": "chart.symbol", "pk": 13, "fields": {"broker": 1, "name": "CADJPY", "status": "1"}}, {"model": "chart.symbol", "pk": 14, "fields": {"broker": 1, "name": "CHFJPY", "status": "1"}}, {"model": "chart.symbol", "pk": 15, "fields": {"broker": 1, "name": "EURAUD", "status": "1"}}, {"model": "chart.symbol", "pk": 16, "fields": {"broker": 1, "name": "EURCAD", "status": "1"}}, {"model": "chart.symbol", "pk": 17, "fields": {"broker": 1, "name": "EURCHF", "status": "1"}}, {"model": "chart.symbol", "pk": 18, "fields": {"broker": 1, "name": "EURCZK", "status": "1"}}, {"model": "chart.symbol", "pk": 19, "fields": {"broker": 1, "name": "EURDKK", "status": "0"}}, {"model": "chart.symbol", "pk": 20, "fields": {"broker": 1, "name": "EURGBP", "status": "1"}}, {"model": "chart.symbol", "pk": 21, "fields": {"broker": 1, "name": "EURHKD", "status": "1"}}, {"model": "chart.symbol", "pk": 22, "fields": {"broker": 1, "name": "EURHUF", "status": "1"}}, {"model": "chart.symbol", "pk": 23, "fields": {"broker": 1, "name": "EURJPY", "status": "1"}}, {"model": "chart.symbol", "pk": 24, "fields": {"broker": 1, "name": "EURMXN", "status": "0"}}, {"model": "chart.symbol", "pk": 25, "fields": {"broker": 1, "name": "EURNOK", "status": "0"}}, {"model": "chart.symbol", "pk": 26, "fields": {"broker": 1, "name": "EURNZD", "status": "0"}}, {"model": "chart.symbol", "pk": 27, "fields": {"broker": 1, "name": "EURPLN", "status": "1"}}, {"model": "chart.symbol", "pk": 28, "fields": {"broker": 1, "name": "EURSEK", "status": "0"}}, {"model": "chart.symbol", "pk": 29, "fields": {"broker": 1, "name": "EURSGD", "status": "0"}}, {"model": "chart.symbol", "pk": 30, "fields": {"broker": 1, "name": "EURTRY", "status": "0"}}, {"model": "chart.symbol", "pk": 31, "fields": {"broker": 1, "name": "EURZAR", "status": "0"}}, {"model": "chart.symbol", "pk": 32, "fields": {"broker": 1, "name": "GBPCAD", "status": "0"}}, {"model": "chart.symbol", "pk": 33, "fields": {"broker": 1, "name": "GBPCHF", "status": "1"}}, {"model": "chart.symbol", "pk": 34, "fields": {"broker": 1, "name": "GBPCZK", "status": "0"}}, {"model": "chart.symbol", "pk": 35, "fields": {"broker": 1, "name": "GBPDKK", "status": "0"}}, {"model": "chart.symbol", "pk": 36, "fields": {"broker": 1, "name": "GBPHKD", "status": "1"}}, {"model": "chart.symbol", "pk": 37, "fields": {"broker": 1, "name": "GBPHUF", "status": "0"}}, {"model": "chart.symbol", "pk": 38, "fields": {"broker": 1, "name": "GBPJPY", "status": "1"}}, {"model": "chart.symbol", "pk": 39, "fields": {"broker": 1, "name": "GBPNOK", "status": "0"}}, {"model": "chart.symbol", "pk": 40, "fields": {"broker": 1, "name": "GBPNZD", "status": "0"}}, {"model": "chart.symbol", "pk": 41, "fields": {"broker": 1, "name": "GBPPLN", "status": "0"}}, {"model": "chart.symbol", "pk": 42, "fields": {"broker": 1, "name": "GBPSEK", "status": "0"}}, {"model": "chart.symbol", "pk": 43, "fields": {"broker": 1, "name": "GBPTRY", "status": "0"}}, {"model": "chart.symbol", "pk": 44, "fields": {"broker": 1, "name": "GBPZAR", "status": "0"}}, {"model": "chart.symbol", "pk": 45, "fields": {"broker": 1, "name": "NZDCAD", "status": "1"}}, {"model": "chart.symbol", "pk": 46, "fields": {"broker": 1, "name": "NZDCHF", "status": "0"}}, {"model": "chart.symbol", "pk": 47, "fields": {"broker": 1, "name": "NZDJPY", "status": "0"}}, {"model": "chart.symbol", "pk": 48, "fields": {"broker": 1, "name": "NZDSGD", "status": "0"}}, {"model": "chart.symbol", "pk": 49, "fields": {"broker": 1, "name": "USDCNH", "status": "0"}}, {"model": "chart.symbol", "pk": 50, "fields": {"broker": 1, "name": "USDCZK", "status": "1"}}, {"model": "chart.symbol", "pk": 51, "fields": {"broker": 1, "name": "USDDKK", "status": "0"}}, {"model": "chart.symbol", "pk": 52, "fields": {"broker": 1, "name": "USDHKD", "status": "1"}}, {"model": "chart.symbol", "pk": 53, "fields": {"broker": 1, "name": "USDHUF", "status": "1"}}, {"model": "chart.symbol", "pk": 54, "fields": {"broker": 1, "name": "USDMXN", "status": "0"}}, {"model": "chart.symbol", "pk": 55, "fields": {"broker": 1, "name": "USDNOK", "status": "1"}}, {"model": "chart.symbol", "pk": 56, "fields": {"broker": 1, "name": "USDPLN", "status": "1"}}, {"model": "chart.symbol", "pk": 57, "fields": {"broker": 1, "name": "USDRUB", "status": "1"}}, {"model": "chart.symbol", "pk": 58, "fields": {"broker": 1, "name": "USDSEK", "status": "1"}}, {"model": "chart.symbol", "pk": 59, "fields": {"broker": 1, "name": "USDSGD", "status": "1"}}, {"model": "chart.symbol", "pk": 60, "fields": {"broker": 1, "name": "USDTRY", "status": "0"}}, {"model": "chart.symbol", "pk": 61, "fields": {"broker": 1, "name": "USDZAR", "status": "0"}}, {"model": "chart.symbol", "pk": 62, "fields": {"broker": 2, "name": "USDJPYm", "status": "1"}}, {"model": "chart.symbol", "pk": 63, "fields": {"broker": 2, "name": "EURUSDm", "status": "1"}}, {"model": "chart.symbol", "pk": 64, "fields": {"broker": 2, "name": "AUDCADm", "status": "1"}}, {"model": "chart.symbol", "pk": 65, "fields": {"broker": 2, "name": "AUDCHFm", "status": "1"}}, {"model": "chart.backtestinterval", "pk": 1, "fields": {"interval": 50}}, {"model": "chart.backtestinterval", "pk": 2, "fields": {"interval": 100}}, {"model": "chart.backtestinterval", "pk": 3, "fields": {"interval": 200}}, {"model": "chart.backtestinterval", "pk": 4, "fields": {"interval": 500}}, {"model": "chart.backtestinterval", "pk": 5, "fields": {"interval": 1000}}, {"model": "chart.backtestinterval", "pk": 6, "fields": {"interval": 1500}}, {"model": "chart.backtestinterval", "pk": 7, "fields": {"interval": 2000}}, {"model": "chart.currentview", "pk": 1, "fields": {"symbol": 12, "timeframe": 2}}, {"model": "chart.backtestsize", "pk": 1, "fields": {"size": 200}}, {"model": "chart.backtestsize", "pk": 2, "fields": {"size": 500}}, {"model": "chart.backtestsize", "pk": 3, "fields": {"size": 1000}}, {"model": "chart.backtestsize", "pk": 4, "fields": {"size": 1500}}, {"model": "chart.backtestsize", "pk": 5, "fields": {"size": 2000}}, {"model": "chart.backtestsize", "pk": 6, "fields": {"size": 2500}}, {"model": "chart.backtestsize", "pk": 7, "fields": {"size": 3000}}, {"model": "chart.spec", "pk": 1, "fields": {"symbol": 1, "name": "MA100 Slope", "parameter": "ma100_slope", "entry_value": "0.000001", "exit_value": "-0.0005", "parameter_type": "compare", "compare_reverse": "1", "status": "1", "spec_type": "1", "order_type": "0"}}, {"model": "chart.spec", "pk": 2, "fields": {"symbol": 1, "name": "MA100 Arrow Under", "parameter": "sma100_arrow_below", "entry_value": "True", "exit_value": "False", "parameter_type": "equal", "compare_reverse": "1", "status": "1", "spec_type": "1", "order_type": "0"}}, {"model": "chart.spec", "pk": 3, "fields": {"symbol": 1, "name": "MACD Trend", "parameter": "macd_trend", "entry_value": "Up", "exit_value": "Down", "parameter_type": "equal", "compare_reverse": "1", "status": "1", "spec_type": "1", "order_type": "0"}}, {"model": "chart.spec", "pk": 4, "fields": {"symbol": 1, "name": "MACD Cross", "parameter": "macd_cross", "entry_value": "Above", "exit_value": "Below", "parameter_type": "equal", "compare_reverse": "1", "status": "1", "spec_type": "1", "order_type": "0"}}, {"model": "chart.spec", "pk": 5, "fields": {"symbol": 1, "name": "RSI", "parameter": "rsi", "entry_value": "75", "exit_value": "75", "parameter_type": "compare", "compare_reverse": "2", "status": "1", "spec_type": "1", "order_type": "0"}}, {"model": "chart.spec", "pk": 6, "fields": {"symbol": 1, "name": "SSMA 3 Line Up Trend", "parameter": "aligator_order_uptrend", "entry_value": "True", "exit_value": "False", "parameter_type": "equal", "compare_reverse": "1", "status": "1", "spec_type": "1", "order_type": "0"}}, {"model": "chart.spec", "pk": 7, "fields": {"symbol": 1, "name": "Aligator Trend", "parameter": "aligator_trend", "entry_value": "Up", "exit_value": "Down", "parameter_type": "equal", "compare_reverse": "1", "status": "1", "spec_type": "1", "order_type": "0"}}, {"model": "chart.spec", "pk": 8, "fields": {"symbol": 1, "name": "SSMA5 Slope", "parameter": "ma5_slope", "entry_value": "0.000001", "exit_value": "-0.0005", "parameter_type": "compare", "compare_reverse": "1", "status": "1", "spec_type": "1", "order_type": "0"}}, {"model": "chart.spec", "pk": 9, "fields": {"symbol": 1, "name": "SSMA5 STD", "parameter": "ma5_std", "entry_value": "0.01", "exit_value": "0.1", "parameter_type": "compare", "compare_reverse": "1", "status": "0", "spec_type": "1", "order_type": "0"}}, {"model": "chart.spec", "pk": 10, "fields": {"symbol": 1, "name": "SSMA8 Slope", "parameter": "ma8_slope", "entry_value": "0.000001", "exit_value": "-0.0005", "parameter_type": "compare", "compare_reverse": "1", "status": "1", "spec_type": "1", "order_type": "0"}}, {"model": "chart.spec", "pk": 11, "fields": {"symbol": 1, "name": "SSMA8 STD", "parameter": "ma8_std", "entry_value": "0.01", "exit_value": "0.1", "parameter_type": "compare", "compare_reverse": "1", "status": "0", "spec_type": "1", "order_type": "0"}}, {"model": "chart.spec", "pk": 12, "fields": {"symbol": 1, "name": "SSMA13 Slope", "parameter": "ma13_slope", "entry_value": "0.000001", "exit_value": "-0.0005", "parameter_type": "compare", "compare_reverse": "1", "status": "1", "spec_type": "1", "order_type": "0"}}, {"model": "chart.spec", "pk": 13, "fields": {"symbol": 1, "name": "SSMA13 STD", "parameter": "ma13_std", "entry_value": "0.01", "exit_value": "0.1", "parameter_type": "compare", "compare_reverse": "1", "status": "0", "spec_type": "1", "order_type": "0"}}, {"model": "chart.spec", "pk": 14, "fields": {"symbol": 1, "name": "SMA8 diff SMA5", "parameter": "ssma8_percent_diff_ssma5", "entry_value": "0.01", "exit_value": "0.01", "parameter_type": "compare", "compare_reverse": "1", "status": "0", "spec_type": "1", "order_type": "0"}}, {"model": "chart.spec", "pk": 15, "fields": {"symbol": 1, "name": "SMA8 diff SMA13", "parameter": "ssma8_percent_diff_ssma13", "entry_value": "0.01", "exit_value": "0.01", "parameter_type": "compare", "compare_reverse": "1", "status": "0", "spec_type": "1", "order_type": "0"}}, {"model": "chart.spec", "pk": 3026, "fields": {"symbol": 1, "name": "MA100 Arrow Under", "parameter": "sma100_arrow_below", "entry_value": "True", "exit_value": "False", "parameter_type": "equal", "compare_reverse": "1", "status": "1", "spec_type": "2", "order_type": "0"}}]